pmid,title,journal,publication_date,year,author_count,first_author,doi,url
3855486,Early precursors of site-specific cancers in college men and women.,Journal of the National Cancer Institute,1985 Jan,1985,4,Whittemore AS,,https://pubmed.ncbi.nlm.nih.gov/3855486/
33977254,Trocar site hernia resulting in intestinal necrosis 48 hours after robot-assisted radical prostatectomy.,IJU case reports,2021 Mar 16,2021,8,Iwatsuki S,10.1002/iju5.12277,https://pubmed.ncbi.nlm.nih.gov/33977254/
14166832,COFFEE CONSUMPTION AND MORTALITY FOR PROSTATE CANCER.,The Tohoku journal of experimental medicine,1964 Apr 25,1964,1,TAKAHASHI E,10.1620/tjem.82.218,https://pubmed.ncbi.nlm.nih.gov/14166832/
21991610,Research continues to serve up heart perks for coffee drinkers.,Harvard heart letter : from Harvard Medical School,2011 Aug,2011,0,,,https://pubmed.ncbi.nlm.nih.gov/21991610/
21999480,Should men drink more coffee to delay progression of prostate cancer?,Nutrition and cancer,2011 Oct 14,2011,1,Arab L,10.1080/01635581.2011.627295,https://pubmed.ncbi.nlm.nih.gov/21999480/
28558558,Three cups of espresso a day may halve prostate cancer risk.,Nursing standard (Royal College of Nursing (Great Britain) : 1987),2017 May 31,2017,0,,10.7748/ns.31.40.17.s20,https://pubmed.ncbi.nlm.nih.gov/28558558/
4509621,[Coffee consumption and neoplasm induction--no causal relation].,Zeitschrift fur Ernahrungswissenschaft. Journal of nutritional sciences. Supplementa,1972,1972,1,Heyden S,,https://pubmed.ncbi.nlm.nih.gov/4509621/
24448493,Re: Coffee consumption and risk of prostate cancer: an up-to-date meta-analysis.,European journal of clinical nutrition,2014 Jan 22,2014,2,Discacciati A,10.1038/ejcn.2013.292,https://pubmed.ncbi.nlm.nih.gov/24448493/
22962694,Re: coffee consumption and prostate cancer risk and progression in the health professional follow-up study.,Journal of the National Cancer Institute,2012 Sep 6,2012,7,Polesel J,10.1093/jnci/djs383,https://pubmed.ncbi.nlm.nih.gov/22962694/
24399415,Coffee consumption linked to a reduction in prostate cancer recurrence.,Cancer,2014 Jan 15,2014,1,Printz C,10.1002/cncr.28542,https://pubmed.ncbi.nlm.nih.gov/24399415/
4843266,Cancer of the prostate among men with benign prostatic hyperplasia.,Journal of the National Cancer Institute,1974 Aug,1974,4,Greenwald P,10.1093/jnci/53.2.335,https://pubmed.ncbi.nlm.nih.gov/4843266/
21849659,Re: Coffee consumption and prostate cancer risk and progression in the health professionals follow-up study.,Journal of the National Cancer Institute,2011 Aug 17,2011,2,Lee AH,10.1093/jnci/djr305,https://pubmed.ncbi.nlm.nih.gov/21849659/
2611622,Hot flushes are induced by thermogenic stimuli.,British journal of urology,1989 Nov,1989,2,McCallum KA,10.1111/j.1464-410x.1989.tb05288.x,https://pubmed.ncbi.nlm.nih.gov/2611622/
41531586,Habitual Coffee Consumption and Systemic Health Outcomes: A Comprehensive Review.,Cureus,2025 Dec 13,2025,10,Kwapien E,10.7759/cureus.99094,https://pubmed.ncbi.nlm.nih.gov/41531586/
40643840,Coffee and tea intake and survival of cancer patients: a systematic review and meta-analysis.,Cancer causes & control : CCC,2025 Jul 11,2025,10,Romelli M,10.1007/s10552-025-02033-z,https://pubmed.ncbi.nlm.nih.gov/40643840/
39266809,"Coffee consumption, cancer, and healthy aging: epidemiological evidence and underlying mechanisms.",GeroScience,2024 Sep 13,2024,3,Kunutsor SK,10.1007/s11357-024-01332-8,https://pubmed.ncbi.nlm.nih.gov/39266809/
38971221,"Coffee, Phosphoinositide 3-Kinase Signaling Pathway, and Prostate Cancer: A Prospective Study in the Health Professionals Follow-Up Study.",Journal of the Academy of Nutrition and Dietetics,2024 Jul 4,2024,10,Song R,10.1016/j.jand.2024.07.001,https://pubmed.ncbi.nlm.nih.gov/38971221/
35496060,Molecular Mechanisms of Coffee on Prostate Cancer Prevention.,BioMed research international,2022 Apr 22,2022,3,Montenegro J,10.1155/2022/3254420,https://pubmed.ncbi.nlm.nih.gov/35496060/
34782391,Association between Coffee Consumption and Risk of Prostate Cancer in Japanese Men: A Population-Based Cohort Study in Japan.,"Cancer epidemiology, biomarkers & prevention : a publication of the American Association for Cancer Research, cosponsored by the American Society of Preventive Oncology",2021 Nov 15,2021,7,Imatoh T,10.1158/1055-9965.EPI-21-0484,https://pubmed.ncbi.nlm.nih.gov/34782391/
33837499,Post-diagnostic coffee and tea consumption and risk of prostate cancer progression by smoking history.,Cancer causes & control : CCC,2021 Apr 9,2021,8,Langlais CS,10.1007/s10552-021-01417-1,https://pubmed.ncbi.nlm.nih.gov/33837499/
33431520,Coffee consumption and risk of prostate cancer: a systematic review and meta-analysis.,BMJ open,2021 Jan 11,2021,4,Chen X,10.1136/bmjopen-2020-038902,https://pubmed.ncbi.nlm.nih.gov/33431520/
31914160,"Association between coffee drinking and telomere length in the Prostate, Lung, Colorectal, and Ovarian Cancer Screening Trial.",PloS one,2020 Jan 8,2020,13,Steiner B,10.1371/journal.pone.0226972,https://pubmed.ncbi.nlm.nih.gov/31914160/
31412118,Association between coffee consumption and overall risk of being diagnosed with or dying from cancer among >300 000 UK Biobank participants in a large-scale Mendelian randomization study.,International journal of epidemiology,2019 Oct 1,2019,8,Ong JS,10.1093/ije/dyz144,https://pubmed.ncbi.nlm.nih.gov/31412118/
30384410,Effect of Roasting Levels and Drying Process of Coffea canephora on the Quality of Bioactive Compounds and Cytotoxicity.,International journal of molecular sciences,2018 Oct 31,2018,6,Bauer D,10.3390/ijms19113407,https://pubmed.ncbi.nlm.nih.gov/30384410/
29206164,"Dietary Consumption of Phenolic Acids and Prostate Cancer: A Case-Control Study in Sicily, Southern Italy.","Molecules (Basel, Switzerland)",2017 Dec 5,2017,11,Russo GI,10.3390/molecules22122159,https://pubmed.ncbi.nlm.nih.gov/29206164/
28884432,Plasma enterolactone and risk of prostate cancer in middle-aged Swedish men.,European journal of nutrition,2017 Sep 7,2017,9,Wallström P,10.1007/s00394-017-1530-z,https://pubmed.ncbi.nlm.nih.gov/28884432/
28436066,Reduction by coffee consumption of prostate cancer risk: Evidence from the Moli-sani cohort and cellular models.,International journal of cancer,2017 Apr 24,2017,13,Pounis G,10.1002/ijc.30720,https://pubmed.ncbi.nlm.nih.gov/28436066/
27813248,Application of a low polyphenol or low ellagitannin dietary intervention and its impact on ellagitannin metabolism in men.,Molecular nutrition & food research,2017 Jan 17,2017,10,Roberts KM,10.1002/mnfr.201600224,https://pubmed.ncbi.nlm.nih.gov/27813248/
25706900,Coffee consumption and prostate cancer risk: a meta-analysis of cohort studies.,Nutrition and cancer,2015 Feb 23,2015,8,Liu H,10.1080/01635581.2015.1004727,https://pubmed.ncbi.nlm.nih.gov/25706900/
24716950,Dietary patterns in relation to prostate cancer in Iranian men: a case-control study.,Asian Pacific journal of cancer prevention : APJCP,2014,2014,4,Askari F,10.7314/apjcp.2014.15.5.2159,https://pubmed.ncbi.nlm.nih.gov/24716950/
24677003,Coffee consumption and urologic cancer risk: a meta-analysis of cohort studies.,International urology and nephrology,2014 Mar 28,2014,8,Huang TB,10.1007/s11255-014-0699-9,https://pubmed.ncbi.nlm.nih.gov/24677003/
24300907,Coffee consumption and risk of prostate cancer: an up-to-date meta-analysis.,European journal of clinical nutrition,2013 Dec 4,2013,6,Zhong S,10.1038/ejcn.2013.256,https://pubmed.ncbi.nlm.nih.gov/24300907/
23136995,"Chronic caffeine intake increases androgenic stimuli, epithelial cell proliferation and hyperplasia in rat ventral prostate.",International journal of experimental pathology,2012 Dec,2012,8,Sarobo C,10.1111/j.1365-2613.2012.00843.x,https://pubmed.ncbi.nlm.nih.gov/23136995/
16127234,Association of serum phytoestrogen concentration and dietary habits in a sample set of the JACC Study.,Journal of epidemiology,2005 Jun,2005,15,Ozasa K,10.2188/jea.15.s196,https://pubmed.ncbi.nlm.nih.gov/16127234/
15142129,"Diet, anthropometric measures and prostate cancer risk: a review of prospective cohort and intervention studies.",BJU international,2004 May,2004,4,Dagnelie PC,10.1111/j.1464-410X.2004.04795.x,https://pubmed.ncbi.nlm.nih.gov/15142129/
10830580,Tea and other beverage consumption and prostate cancer risk: a Canadian retrospective cohort study.,European journal of cancer prevention : the official journal of the European Cancer Prevention Organisation (ECP),2000 Apr,2000,1,Ellison LF,10.1097/00008469-200004000-00009,https://pubmed.ncbi.nlm.nih.gov/10830580/
10048970,Risk factors for prostate cancer: a case-control study in Greece.,International journal of cancer,1999 Mar 1,1999,6,Hsieh CC,10.1002/(sici)1097-0215(19990301)80:5<699::aid-ijc12>3.0.co;2-7,https://pubmed.ncbi.nlm.nih.gov/10048970/
2208150,"Diet, tobacco use, and fatal prostate cancer: results from the Lutheran Brotherhood Cohort Study.",Cancer research,1990 Nov 1,1990,8,Hsing AW,,https://pubmed.ncbi.nlm.nih.gov/2208150/
3594396,Epidemiology and environmental factors in urologic cancer.,Cancer,1987 Aug 1,1987,1,Morrison AS,10.1002/1097-0142(19870801)60:3+<632::aid-cncr2820601532>3.0.co;2-o,https://pubmed.ncbi.nlm.nih.gov/3594396/
3951786,Environmental factors and cancer mortality in Italy: correlational exercise.,Oncology,1986,1986,2,Decarli A,10.1159/000226347,https://pubmed.ncbi.nlm.nih.gov/3951786/
37139178,Quantifying the Contributions of Environmental Factors to Prostate Cancer and Detecting Risk-Related Diet Metrics and Racial Disparities.,Cancer informatics,2023 Apr 27,2023,2,Zhang W,10.1177/11769351231168006,https://pubmed.ncbi.nlm.nih.gov/37139178/
35143059,Repeatability and Reproducibility Assessment of the Apparent Diffusion Coefficient in the Prostate: A Trial of the ECOG-ACRIN Research Group (ACRIN 6701).,Journal of magnetic resonance imaging : JMRI,2022 Feb 10,2022,15,Boss MA,10.1002/jmri.28093,https://pubmed.ncbi.nlm.nih.gov/35143059/
34371827,Coffee Consumption and Prostate Cancer Risk: Results from National Health and Nutrition Examination Survey 1999-2010 and Mendelian Randomization Analyses.,Nutrients,2021 Jul 5,2021,6,Wang M,10.3390/nu13072317,https://pubmed.ncbi.nlm.nih.gov/34371827/
35518253,Effect of the roasting levels of Coffea arabica L. extracts on their potential antioxidant capacity and antiproliferative activity in human prostate cancer cells.,RSC advances,2020 Aug 17,2020,10,de Souza LDS,10.1039/d0ra01179g,https://pubmed.ncbi.nlm.nih.gov/35518253/
31327752,Diet and lifestyle considerations for patients with prostate cancer.,Urologic oncology,2019 Jul 18,2019,4,Zuniga KB,10.1016/j.urolonc.2019.06.018,https://pubmed.ncbi.nlm.nih.gov/31327752/
31263600,"Inhibition of Prostate Cancer Cells by 4,5-Dicaffeoylquinic Acid through Cell Cycle Arrest.",Prostate cancer,2019 May 23,2019,6,Lodise O,10.1155/2019/4520645,https://pubmed.ncbi.nlm.nih.gov/31263600/
30569541,Coffee diterpenes kahweol acetate and cafestol synergistically inhibit the proliferation and migration of prostate cancer cells.,The Prostate,2018 Dec 19,2018,13,Iwamoto H,10.1002/pros.23753,https://pubmed.ncbi.nlm.nih.gov/30569541/
27400803,Total antioxidant intake and prostate cancer in the Cancer of the Prostate in Sweden (CAPS) study. A case control study.,BMC cancer,2016 Jul 11,2016,10,Russnes KM,10.1186/s12885-016-2486-8,https://pubmed.ncbi.nlm.nih.gov/27400803/
26419686,Coffee inhibits nuclear factor-kappa B in prostate cancer cells and xenografts.,The Journal of nutritional biochemistry,2015 Sep 3,2015,9,Kolberg M,10.1016/j.jnutbio.2015.08.028,https://pubmed.ncbi.nlm.nih.gov/26419686/
26291054,"Coffee, tea, caffeine intake, and the risk of cancer in the PLCO cohort.",British journal of cancer,2015 Aug 20,2015,7,Hashibe M,10.1038/bjc.2015.276,https://pubmed.ncbi.nlm.nih.gov/26291054/
25535729,"Boiled coffee consumption and the risk of prostate cancer: follow-up of 224,234 Norwegian men 20-69 years.",British journal of cancer,2014 Dec 23,2014,1,Tverdal A,10.1038/bjc.2014.645,https://pubmed.ncbi.nlm.nih.gov/25535729/
23959920,Total antioxidant intake in relation to prostate cancer incidence in the Health Professionals Follow-Up Study.,International journal of cancer,2013 Nov 11,2013,11,Russnes KM,10.1002/ijc.28438,https://pubmed.ncbi.nlm.nih.gov/23959920/
23881471,Aspirin use is associated with lower prostate cancer risk in male carriers of BRCA mutations.,Journal of genetic counseling,2013 Jul 25,2013,5,Cossack M,10.1007/s10897-013-9629-8,https://pubmed.ncbi.nlm.nih.gov/23881471/
23702886,Coffee and risk of prostate cancer incidence and mortality in the Cancer of the Prostate in Sweden Study.,Cancer causes & control : CCC,2013 May 24,2013,8,Wilson KM,10.1007/s10552-013-0234-9,https://pubmed.ncbi.nlm.nih.gov/23702886/
23681472,Coffee consumption and the risk of overall and fatal prostate cancer in the NIH-AARP Diet and Health Study.,Cancer causes & control : CCC,2013 May 17,2013,6,Bosire C,10.1007/s10552-013-0229-6,https://pubmed.ncbi.nlm.nih.gov/23681472/
23674088,Coffee consumption and the risk of prostate cancer: the Ohsaki Cohort Study.,British journal of cancer,2013 May 14,2013,7,Li Q,10.1038/bjc.2013.238,https://pubmed.ncbi.nlm.nih.gov/23674088/
23508823,"Coffee consumption and risk of localized, advanced and fatal prostate cancer: a population-based prospective study.",Annals of oncology : official journal of the European Society for Medical Oncology,2013 Mar 18,2013,7,Discacciati A,10.1093/annonc/mdt105,https://pubmed.ncbi.nlm.nih.gov/23508823/
23412806,Associations of tea and coffee consumption with prostate cancer risk.,Cancer causes & control : CCC,2013 Feb 15,2013,3,Geybels MS,10.1007/s10552-013-0170-8,https://pubmed.ncbi.nlm.nih.gov/23412806/
22695052,Coffee consumption and prostate cancer risk: further evidence for inverse relationship.,Nutrition journal,2012 Jun 13,2012,6,Shafique K,10.1186/1475-2891-11-42,https://pubmed.ncbi.nlm.nih.gov/22695052/
22504869,Lifestyle and dietary factors in the prevention of lethal prostate cancer.,Asian journal of andrology,2012 Apr 16,2012,3,Wilson KM,10.1038/aja.2011.142,https://pubmed.ncbi.nlm.nih.gov/22504869/
20590551,Coffee consumption and risk of prostate cancer: a meta-analysis of epidemiological studies.,BJU international,2010 Jun 30,2010,7,Park CH,10.1111/j.1464-410X.2010.09493.x,https://pubmed.ncbi.nlm.nih.gov/20590551/
18985656,"Tea, coffee and prostate cancer.",Molecular nutrition & food research,2009 Feb,2009,3,Lee AH,10.1002/mnfr.200800218,https://pubmed.ncbi.nlm.nih.gov/18985656/
16205693,"Diet, vegetarian food and prostate carcinoma among men in Taiwan.",British journal of cancer,2005 Oct 31,2005,6,Chen YC,10.1038/sj.bjc.6602809,https://pubmed.ncbi.nlm.nih.gov/16205693/
15323167,Increasing level of prostate-specific antigen and prostate cancer risk factors among 193 men examined in screening procedure.,Annales Universitatis Mariae Curie-Sklodowska. Sectio D: Medicina,2003,2003,5,Opalińska E,,https://pubmed.ncbi.nlm.nih.gov/15323167/
11412218,Are dietary influences on the risk of prostate cancer mediated through the insulin-like growth factor system?,BJU international,2001 Jun,2001,7,Mucci LA,10.1046/j.1464-410x.2001.02191.x,https://pubmed.ncbi.nlm.nih.gov/11412218/
6831464,"Association of meat and coffee use with cancers of the large bowel, breast, and prostate among Seventh-Day Adventists: preliminary results.",Cancer research,1983 May,1983,2,Phillips RL,,https://pubmed.ncbi.nlm.nih.gov/6831464/
41939473,Unravelling prostate cancer risk and protective factors among urology patients in a Tanzanian population.,Frontiers in oncology,2026 Mar 19,2026,9,Bugoye FC,10.3389/fonc.2026.1696848,https://pubmed.ncbi.nlm.nih.gov/41939473/
42111959,Acetate Metabolism in Urological Health and Disease.,Serican journal of medicine,2024 Dec 6,2024,1,Xiong J,10.17161/sjm.v1i1.23080,https://pubmed.ncbi.nlm.nih.gov/42111959/
38002174,Hair Growth Promotion and Anti-Hair Loss Effects of By-Products Arabica Coffee Pulp Extracts Using Supercritical Fluid Extraction.,"Foods (Basel, Switzerland)",2023 Nov 13,2023,12,Muangsanguan A,10.3390/foods12224116,https://pubmed.ncbi.nlm.nih.gov/38002174/
37898724,Modifiable risk factors for subsequent lethal prostate cancer among men with an initially negative prostate biopsy.,British journal of cancer,2023 Oct 28,2023,9,Feng X,10.1038/s41416-023-02472-y,https://pubmed.ncbi.nlm.nih.gov/37898724/
35995710,"Coffee Intake, Caffeine Metabolism Genotype, and Survival Among Men with Prostate Cancer.",European urology oncology,2022 Aug 20,2022,17,Gregg JR,10.1016/j.euo.2022.07.008,https://pubmed.ncbi.nlm.nih.gov/35995710/
34836181,"Association between Coffee Consumption/Physical Exercise and Gastric, Hepatic, Colon, Breast, Uterine Cervix, Lung, Thyroid, Prostate, and Bladder Cancer.",Nutrients,2021 Nov 2,2021,4,Kim SY,10.3390/nu13113927,https://pubmed.ncbi.nlm.nih.gov/34836181/
34657209,"The role of metformin, statins and diet in men on active surveillance for prostate cancer.",World journal of urology,2021 Oct 17,2021,2,Tiwari R,10.1007/s00345-021-03858-4,https://pubmed.ncbi.nlm.nih.gov/34657209/
32843909,"Prostate cancer management: long-term beliefs, epidemic developments in the early twenty-first century and 3PM dimensional solutions.",The EPMA journal,2020 Jun 26,2020,7,Kucera R,10.1007/s13167-020-00214-1,https://pubmed.ncbi.nlm.nih.gov/32843909/
31497821,Size-based analysis of extracellular vesicles using sequential transfer of an evaporating droplet.,Lab on a chip,2019 Sep 9,2019,7,Jeong H,10.1039/c9lc00526a,https://pubmed.ncbi.nlm.nih.gov/31497821/
31330944,Cytoprotective Compounds Interfere with the Nutraceutical Potential of Bread Supplemented with Green Coffee Beans.,"Antioxidants (Basel, Switzerland)",2019 Jul 19,2019,7,Gawlik-Dziki U,10.3390/antiox8070228,https://pubmed.ncbi.nlm.nih.gov/31330944/
29943826,Coffee and tea consumption and risk of prostate cancer in the European Prospective Investigation into Cancer and Nutrition.,International journal of cancer,2018 Nov 16,2018,47,Sen A,10.1002/ijc.31634,https://pubmed.ncbi.nlm.nih.gov/29943826/
29177989,Consumption of caffeinated beverages and serum concentrations of sex steroid hormones in US men.,Cancer causes & control : CCC,2017 Nov 24,2017,6,Frey T,10.1007/s10552-017-0985-9,https://pubmed.ncbi.nlm.nih.gov/29177989/
28853102,An Up-to-date Meta-analysis of Coffee Consumption and Risk of Prostate Cancer.,Urology journal,2017 Aug 29,2017,5,Xia J,,https://pubmed.ncbi.nlm.nih.gov/28853102/
24668519,"Coffee and cancer risk, epidemiological evidence, and molecular mechanisms.",Molecular nutrition & food research,2013 Dec 27,2013,3,Bøhn SK,10.1002/mnfr.201300526,https://pubmed.ncbi.nlm.nih.gov/24668519/
24531774,Lifestyle and dietary factors in prostate cancer prevention.,Recent results in cancer research. Fortschritte der Krebsforschung. Progres dans les recherches sur le cancer,2014,2014,2,Discacciati A,10.1007/978-3-642-45195-9_3,https://pubmed.ncbi.nlm.nih.gov/24531774/
22564042,Coffee consumption and prostate cancer aggressiveness among African and Caucasian Americans in a population-based study.,Nutrition and cancer,2012 May 7,2012,7,Arab L,10.1080/01635581.2012.676144,https://pubmed.ncbi.nlm.nih.gov/22564042/
22022057,"Risk factors for prostate cancer: An hospital-based case-control study from Mumbai, India.",Indian journal of urology : IJU : journal of the Urological Society of India,2011 Jul,2011,4,Ganesh B,10.4103/0970-1591.85438,https://pubmed.ncbi.nlm.nih.gov/22022057/
12497002,Caffeine test in predicting flutamide-induced hepatic injury in patients with prostate cancer.,Prostate cancer and prostatic diseases,2002,2002,10,Ozono S,10.1038/sj.pcan.4500564,https://pubmed.ncbi.nlm.nih.gov/12497002/
12394248,Consumption of non-alcoholic beverages and prostate cancer risk.,European journal of cancer prevention : the official journal of the European Cancer Prevention Organisation (ECP),2002 Oct,2002,2,Sharpe CR,10.1097/00008469-200210000-00013,https://pubmed.ncbi.nlm.nih.gov/12394248/
11857417,Incidence and mortality of testicular and prostatic cancers in relation to world dietary practices.,International journal of cancer,2002 Mar 10,2002,6,Ganmaa D,10.1002/ijc.10185,https://pubmed.ncbi.nlm.nih.gov/11857417/
8280834,"Smoking, alcohol, coffee, tea, caffeine, and theobromine: risk of prostate cancer in Utah (United States).",Cancer causes & control : CCC,1993 Nov,1993,2,Slattery ML,10.1007/BF00052432,https://pubmed.ncbi.nlm.nih.gov/8280834/
6502830,Early precursors of urogenital cancers in former college men.,The Journal of urology,1984 Dec,1984,4,Whittemore AS,10.1016/s0022-5347(17)50118-4,https://pubmed.ncbi.nlm.nih.gov/6502830/
42093920,Modifiable risk factors of prostate cancer: Insights from a hospital-based study.,Oncoscience,2026 Apr 28,2026,3,Kulshekar M,10.18632/oncoscience.657,https://pubmed.ncbi.nlm.nih.gov/42093920/
41327648,Causal association between artificial sweeteners and risk of 15 tumors: A 2-way 2-sample Mendelian randomization analysis.,Medicine,2025 Nov 28,2025,9,Yang H,10.1097/MD.0000000000044379,https://pubmed.ncbi.nlm.nih.gov/41327648/
41209499,Insomnia Proven to be Associated With Prostate Cancer: A Genetic Correlation Study Incorporating Lifestyle Factors.,Alpha psychiatry,2025 Sep 23,2025,3,Chen X,10.31083/AP46810,https://pubmed.ncbi.nlm.nih.gov/41209499/
38277189,Nonsurgical Interventions to Prevent Disease Progression in Prostate Cancer Patients on Active Surveillance: A Systematic Review and Meta-analysis.,European urology oncology,2023 Oct 28,2023,19,Matsukawa A,10.1016/j.euo.2023.10.010,https://pubmed.ncbi.nlm.nih.gov/38277189/
34802933,Label-free surface enhanced Raman spectroscopy analysis of blood serum via coffee ring effect for accurate diagnosis of cancers.,"Spectrochimica acta. Part A, Molecular and biomolecular spectroscopy",2021 Nov 11,2021,8,Gao S,10.1016/j.saa.2021.120605,https://pubmed.ncbi.nlm.nih.gov/34802933/
33648246,"Bioactive compounds, antioxidant activity and antiproliferative effects in prostate cancer cells of green and roasted coffee extracts obtained by microwave-assisted extraction (MAE).","Food research international (Ottawa, Ont.)",2020 Dec 15,2020,12,Montenegro J,10.1016/j.foodres.2020.110014,https://pubmed.ncbi.nlm.nih.gov/33648246/
30179617,"Coffee, Caffeine Metabolism Genotype and Disease Progression in Patients with Localized Prostate Cancer Managed with Active Surveillance.",The Journal of urology,2019 Feb,2019,10,Gregg JR,10.1016/j.juro.2018.08.048,https://pubmed.ncbi.nlm.nih.gov/30179617/
29311132,The Epidemiology of Prostate Cancer.,Cold Spring Harbor perspectives in medicine,2018 Dec 3,2018,4,Pernar CH,10.1101/cshperspect.a030361,https://pubmed.ncbi.nlm.nih.gov/29311132/
28288025,Coffee and cancer risk: a summary overview.,European journal of cancer prevention : the official journal of the European Cancer Prevention Organisation (ECP),2017 Sep,2017,3,Alicandro G,10.1097/CEJ.0000000000000341,https://pubmed.ncbi.nlm.nih.gov/28288025/
27741566,Investigating the possible causal role of coffee consumption with prostate cancer risk and progression using Mendelian randomization analysis.,International journal of cancer,2016 Oct 26,2016,36,Taylor AE,10.1002/ijc.30462,https://pubmed.ncbi.nlm.nih.gov/27741566/
27693812,Lifestyle factors and prostate-specific antigen (PSA) testing in UK Biobank: Implications for epidemiological research.,Cancer epidemiology,2016 Sep 30,2016,4,Littlejohns TJ,10.1016/j.canep.2016.09.010,https://pubmed.ncbi.nlm.nih.gov/27693812/
27665923,Coffee and cancer risk: A meta-analysis of prospective observational studies.,Scientific reports,2016 Sep 26,2016,12,Wang A,10.1038/srep33711,https://pubmed.ncbi.nlm.nih.gov/27665923/
